Tipologia,CAP,Coordinate,Indirizzo,UPL_#,UPL_nome,Id_Quartie,Quartiere,Circoscrizione,Utenti_potenz,lat,lng,googlemaps,osm
Fontanella,90134,"38.112536, 13.34446","Piazza Danisinni, 22",18,Cuba - Calatafimi,5,Cuba - Calatafimi,IV,17617,38.112536,13.34446,"https://maps.google.com/?q=38.112536,13.34446",https://www.openstreetmap.org/?mlat=38.112536&mlon=13.34446&zoom=18#map=18/38.112536/13.34446
Fontanella,90134,"38.117926, 13.353889","Piazza Concezione, 7",3,Monte di Pietà  o Seralcadi,2,Palazzo Reale - Monte di Pietà,I,5583,38.117926,13.353889,"https://maps.google.com/?q=38.117926,13.353889",https://www.openstreetmap.org/?mlat=38.117926&mlon=13.353889&zoom=18#map=18/38.117926/13.353889
Fontanella,90149,"38.19384, 13.327761","Via Saline, 29",50,Partanna Mondello,22,Partanna Mondello,VII,2381,38.19384,13.327761,"https://maps.google.com/?q=38.19384,13.327761",https://www.openstreetmap.org/?mlat=38.19384&mlon=13.327761&zoom=18#map=18/38.19384/13.327761
Fontanella,90146,"38.17158, 13.327725","Via Pallavicino, 93",46,Pallavicino,23,Pallavicino,VII,3423,38.17158,13.327725,"https://maps.google.com/?q=38.17158,13.327725",https://www.openstreetmap.org/?mlat=38.17158&mlon=13.327725&zoom=18#map=18/38.17158/13.327725
Fontanella,90149,"38.192242, 13.326659","Piazza Martini, 3",50,Partanna Mondello,22,Partanna Mondello,VII,1557,38.192242,13.326659,"https://maps.google.com/?q=38.192242,13.326659",https://www.openstreetmap.org/?mlat=38.192242&mlon=13.326659&zoom=18#map=18/38.192242/13.326659
Fontanella,90146,"38.148114, 13.343577","Via Del Fante, 3",43,Resuttana,20,Resuttana - San Lorenzo,VI,16188,38.148114,13.343577,"https://maps.google.com/?q=38.148114,13.343577",https://www.openstreetmap.org/?mlat=38.148114&mlon=13.343577&zoom=18#map=18/38.148114/13.343577
Fontanella,90147,"38.189522, 13.285868","Piazza Tommaso Natale, 141",48,Tommaso Natale - Sant'Ambrogio - Cardillo,21,Tommaso Natale - Sferracavallo,VII,783,38.189522,13.285868,"https://maps.google.com/?q=38.189522,13.285868",https://www.openstreetmap.org/?mlat=38.189522&mlon=13.285868&zoom=18#map=18/38.189522/13.285868
Fontanella,90151,"38.196281, 13.311114","Via Partanna Mondello, 167",50,Partanna Mondello,22,Partanna Mondello,VII,2121,38.196281,13.311114,"https://maps.google.com/?q=38.196281,13.311114",https://www.openstreetmap.org/?mlat=38.196281&mlon=13.311114&zoom=18#map=18/38.196281/13.311114
Fontana,90151,"38.201258, 13.313392","Cortile Catalano, 23 C",50,Partanna Mondello,22,Partanna Mondello,VII,5221,38.201258,13.313392,"https://maps.google.com/?q=38.201258,13.313392",https://www.openstreetmap.org/?mlat=38.201258&mlon=13.313392&zoom=18#map=18/38.201258/13.313392
Fontanella,90151,"38.199843, 13.313914","Via Catalano, 43 B",50,Partanna Mondello,22,Partanna Mondello,VII,141,38.199843,13.313914,"https://maps.google.com/?q=38.199843,13.313914",https://www.openstreetmap.org/?mlat=38.199843&mlon=13.313914&zoom=18#map=18/38.199843/13.313914
Fontanella,90151,"38.198446, 13.318446","Via Carbone, 1",50,Partanna Mondello,22,Partanna Mondello,VII,771,38.198446,13.318446,"https://maps.google.com/?q=38.198446,13.318446",https://www.openstreetmap.org/?mlat=38.198446&mlon=13.318446&zoom=18#map=18/38.198446/13.318446
Fontanella,90151,"38.196729, 13.315325","Viale Cavarretta, 1",50,Partanna Mondello,22,Partanna Mondello,VII,371,38.196729,13.315325,"https://maps.google.com/?q=38.196729,13.315325",https://www.openstreetmap.org/?mlat=38.196729&mlon=13.315325&zoom=18#map=18/38.196729/13.315325
Fontanella,90135,"38.109418, 13.320532","Via Altarello, 233",23,Altarello - Tasca Lanza,15,Altarello,IV,4187,38.109418,13.320532,"https://maps.google.com/?q=38.109418,13.320532",https://www.openstreetmap.org/?mlat=38.109418&mlon=13.320532&zoom=18#map=18/38.109418/13.320532
Fontanella,90129,"38.090433, 13.331536","Piazza Pagliarelli, 7",20,Mezzomonreale,14,Mezzomonreale - Villa Tasca,IV,9718,38.090433,13.331536,"https://maps.google.com/?q=38.090433,13.331536",https://www.openstreetmap.org/?mlat=38.090433&mlon=13.331536&zoom=18#map=18/38.090433/13.331536
Fontanella,90141,"38.132622, 13.345516","Via F. Lo Iacono, 20",39,Notarbartolo - Giardino Inglese,9,Libertà,VIII,9200,38.132622,13.345516,"https://maps.google.com/?q=38.132622,13.345516",https://www.openstreetmap.org/?mlat=38.132622&mlon=13.345516&zoom=18#map=18/38.132622/13.345516
Fontanella,90144,"38.132229, 13.34349","Via G. Sciuti, 2",39,Notarbartolo - Giardino Inglese,9,Libertà,VIII,24798,38.132229,13.34349,"https://maps.google.com/?q=38.132229,13.34349",https://www.openstreetmap.org/?mlat=38.132229&mlon=13.34349&zoom=18#map=18/38.132229/13.34349
Fontanella,90143,"38.141415, 13.35695","Cortile Seminario Greco,3",52,Montepellegrino,24,Montepellegrino,VIII,6238,38.141415,13.35695,"https://maps.google.com/?q=38.141415,13.35695",https://www.openstreetmap.org/?mlat=38.141415&mlon=13.35695&zoom=18#map=18/38.141415/13.35695
Fontanella,90142,"38.166993, 13.366562","Via Nostra Donna Del Rotolo, 50",55,Vergine Maria,25,Arenella - Vergine Maria,VII,10332,38.166993,13.366562,"https://maps.google.com/?q=38.166993,13.366562",https://www.openstreetmap.org/?mlat=38.166993&mlon=13.366562&zoom=18#map=18/38.166993/13.366562
Fontanella,90135,"38.119107, 13.331853","Via Perpignano, 177",30,Noce,7,Noce,V,32603,38.119107,13.331853,"https://maps.google.com/?q=38.119107,13.331853",https://www.openstreetmap.org/?mlat=38.119107&mlon=13.331853&zoom=18#map=18/38.119107/13.331853
Fontanella,90135,"38.126114, 13.308807","Via Mazzarella, 45",35,Passo di Rigano,17,Uditore - Passo di Rigano,V,22211,38.126114,13.308807,"https://maps.google.com/?q=38.126114,13.308807",https://www.openstreetmap.org/?mlat=38.126114&mlon=13.308807&zoom=18#map=18/38.126114/13.308807
Fontanella,90125,"38.075049, 13.355524","Via Aloi, 123",14,Chiavelli - S.Maria di Gesù,13,Villagrazia - Falsomiele,III,8612,38.075049,13.355524,"https://maps.google.com/?q=38.075049,13.355524",https://www.openstreetmap.org/?mlat=38.075049&mlon=13.355524&zoom=18#map=18/38.075049/13.355524
Fontanella,90135,"38.125687, 13.308799","Via Castellana, 95",35,Passo di Rigano,17,Uditore - Passo di Rigano,V,5992,38.125687,13.308799,"https://maps.google.com/?q=38.125687,13.308799",https://www.openstreetmap.org/?mlat=38.125687&mlon=13.308799&zoom=18#map=18/38.125687/13.308799
Fontana,90121,"38.067715, 13.425265","Cortile Rapallo, 14",9,Ciaculli Croce Verde,12,Brancaccio - Ciaculli,II,2215,38.067715,13.425265,"https://maps.google.com/?q=38.067715,13.425265",https://www.openstreetmap.org/?mlat=38.067715&mlon=13.425265&zoom=18#map=18/38.067715/13.425265
Fontanella,90124,"38.093007, 13.388577","Via Conte Federico, 178",8,Brancaccio Conte Federico,12,Brancaccio - Ciaculli,II,1466,38.093007,13.388577,"https://maps.google.com/?q=38.093007,13.388577",https://www.openstreetmap.org/?mlat=38.093007&mlon=13.388577&zoom=18#map=18/38.093007/13.388577
Fontana,90133,"38.113334, 13.366064",Vicolo Mezzojuso,1,Tribunali o Kalsa,1,Tribunali-Castellammare,I,3089,38.113334,13.366064,"https://maps.google.com/?q=38.113334,13.366064",https://www.openstreetmap.org/?mlat=38.113334&mlon=13.366064&zoom=18#map=18/38.113334/13.366064
Fontanella,90133,"38.113609, 13.364339",Piazza Meschita,1,Tribunali o Kalsa,1,Tribunali-Castellammare,I,1047,38.113609,13.364339,"https://maps.google.com/?q=38.113609,13.364339",https://www.openstreetmap.org/?mlat=38.113609&mlon=13.364339&zoom=18#map=18/38.113609/13.364339
Fontanella,90133,"38.113426, 13.364561","Via Bologna, 24",1,Tribunali o Kalsa,1,Tribunali-Castellammare,I,1287,38.113426,13.364561,"https://maps.google.com/?q=38.113426,13.364561",https://www.openstreetmap.org/?mlat=38.113426&mlon=13.364561&zoom=18#map=18/38.113426/13.364561
Fontanella,90121,"38.09748, 13.416208","Via Messina Marine, 637",7,Roccella Acqua dei Corsari,11,Settecannoli,II,5149,38.09748,13.416208,"https://maps.google.com/?q=38.09748,13.416208",https://www.openstreetmap.org/?mlat=38.09748&mlon=13.416208&zoom=18#map=18/38.09748/13.416208
Fontanella,90123,"38.102967, 13.379517","Corso dei Mille, 384",6,Settecannoli,11,Settecannoli,II,2635,38.102967,13.379517,"https://maps.google.com/?q=38.102967,13.379517",https://www.openstreetmap.org/?mlat=38.102967&mlon=13.379517&zoom=18#map=18/38.102967/13.379517
Fontanella,90123,"38.09916, 13.401636","Via Sperone, 296",7,Roccella Acqua dei Corsari,11,Settecannoli,II,2021,38.09916,13.401636,"https://maps.google.com/?q=38.09916,13.401636",https://www.openstreetmap.org/?mlat=38.09916&mlon=13.401636&zoom=18#map=18/38.09916/13.401636
Fontanella,90123,"38.099477, 13.399401","Via Sperone, 66 A",7,Roccella Acqua dei Corsari,11,Settecannoli,II,1167,38.099477,13.399401,"https://maps.google.com/?q=38.099477,13.399401",https://www.openstreetmap.org/?mlat=38.099477&mlon=13.399401&zoom=18#map=18/38.099477/13.399401
Fontanella,90121,"38.088055, 13.420907",Corso dei Mille 1620,7,Roccella Acqua dei Corsari,11,Settecannoli,II,20168,38.088055,13.420907,"https://maps.google.com/?q=38.088055,13.420907",https://www.openstreetmap.org/?mlat=38.088055&mlon=13.420907&zoom=18#map=18/38.088055/13.420907
Fontanella,90124,"38.079082, 13.373998","Via Barresi ,7",14,Chiavelli - S.Maria di Gesù,13,Villagrazia - Falsomiele,III,5834,38.079082,13.373998,"https://maps.google.com/?q=38.079082,13.373998",https://www.openstreetmap.org/?mlat=38.079082&mlon=13.373998&zoom=18#map=18/38.079082/13.373998
Fontanella,90123,"38.105165, 13.371716","Via Decollati, 14",5,Corso dei Mille - S.Erasmo,3,Oreto - Stazione,II,6739,38.105165,13.371716,"https://maps.google.com/?q=38.105165,13.371716",https://www.openstreetmap.org/?mlat=38.105165&mlon=13.371716&zoom=18#map=18/38.105165/13.371716
Fontanella,90134,"38.116145, 13.358085","Via Del Celso, 85",3,Monte di Pietà  o Seralcadi,2,Palazzo Reale - Monte di Pietà,I,235,38.116145,13.358085,"https://maps.google.com/?q=38.116145,13.358085",https://www.openstreetmap.org/?mlat=38.116145&mlon=13.358085&zoom=18#map=18/38.116145/13.358085
Fontanella,90134,"38.113976, 13.359963","Piazzetta Pietro Speciale, 1",2,Palazzo Reale o Albergaria,2,Palazzo Reale - Monte di Pietà,I,1326,38.113976,13.359963,"https://maps.google.com/?q=38.113976,13.359963",https://www.openstreetmap.org/?mlat=38.113976&mlon=13.359963&zoom=18#map=18/38.113976/13.359963
Fontanella,90133,"38.120135, 13.365852","Piazza Tavola Tonda, 18",4,Castellammare o Loggia,1,Tribunali-Castellammare,I,1967,38.120135,13.365852,"https://maps.google.com/?q=38.120135,13.365852",https://www.openstreetmap.org/?mlat=38.120135&mlon=13.365852&zoom=18#map=18/38.120135/13.365852
Fontanella,90134,"38.112656, 13.355584",Piazza Vittoria,2,Palazzo Reale o Albergaria,2,Palazzo Reale - Monte di Pietà,I,3035,38.112656,13.355584,"https://maps.google.com/?q=38.112656,13.355584",https://www.openstreetmap.org/?mlat=38.112656&mlon=13.355584&zoom=18#map=18/38.112656/13.355584
Fontanella,90129,"38.104312, 13.341897","Via Agostino Catalano, 80",18,Cuba - Calatafimi,5,Cuba - Calatafimi,IV,9654,38.104312,13.341897,"https://maps.google.com/?q=38.104312,13.341897",https://www.openstreetmap.org/?mlat=38.104312&mlon=13.341897&zoom=18#map=18/38.104312/13.341897
Fontanella,90134,"38.116226, 13.356055","Piazza San Giovannialla Guilla, 4",3,Monte di Pietà  o Seralcadi,2,Palazzo Reale - Monte di Pietà,I,491,38.116226,13.356055,"https://maps.google.com/?q=38.116226,13.356055",https://www.openstreetmap.org/?mlat=38.116226&mlon=13.356055&zoom=18#map=18/38.116226/13.356055
Fontanella,90134,"38.115866, 13.359141","Piazzetta della Canna, 2",3,Monte di Pietà  o Seralcadi,2,Palazzo Reale - Monte di Pietà,I,755,38.115866,13.359141,"https://maps.google.com/?q=38.115866,13.359141",https://www.openstreetmap.org/?mlat=38.115866&mlon=13.359141&zoom=18#map=18/38.115866/13.359141
Fontanella,90134,"38.109595, 13.35887","Piazza Ritiro San Pietro, 20",2,Palazzo Reale o Albergaria,2,Palazzo Reale - Monte di Pietà,I,7071,38.109595,13.35887,"https://maps.google.com/?q=38.109595,13.35887",https://www.openstreetmap.org/?mlat=38.109595&mlon=13.35887&zoom=18#map=18/38.109595/13.35887
Fontanella,90134,"38.1169, 13.358557","Piazzetta delle Api, 6",3,Monte di Pietà  o Seralcadi,2,Palazzo Reale - Monte di Pietà,I,1332,38.1169,13.358557,"https://maps.google.com/?q=38.1169,13.358557",https://www.openstreetmap.org/?mlat=38.1169&mlon=13.358557&zoom=18#map=18/38.1169/13.358557
Fontana,90141,"38.131958, 13.350762",Via della Libertà Giardino Inglese,39,Notarbartolo - Giardino Inglese,9,Libertà,VIII,12687,38.131958,13.350762,"https://maps.google.com/?q=38.131958,13.350762",https://www.openstreetmap.org/?mlat=38.131958&mlon=13.350762&zoom=18#map=18/38.131958/13.350762
Fontanella,90126,"38.07816, 13.333445",Piazza Villagrazia,15,Villagrazia,13,Villagrazia - Falsomiele,III,4078,38.07816,13.333445,"https://maps.google.com/?q=38.07816,13.333445",https://www.openstreetmap.org/?mlat=38.07816&mlon=13.333445&zoom=18#map=18/38.07816/13.333445
Fontanella,90124,"38.076736, 13.369887",Fondo Pecoraro (Via Falsomiele),14,Chiavelli - S.Maria di Gesù,13,Villagrazia - Falsomiele,III,2926,38.076736,13.369887,"https://maps.google.com/?q=38.076736,13.369887",https://www.openstreetmap.org/?mlat=38.076736&mlon=13.369887&zoom=18#map=18/38.076736/13.369887
Fontanella,90135,"38.110006, 13.325337",Via Madonna Del Soccorso 3,23,Altarello - Tasca Lanza,15,Altarello,IV,2277,38.110006,13.325337,"https://maps.google.com/?q=38.110006,13.325337",https://www.openstreetmap.org/?mlat=38.110006&mlon=13.325337&zoom=18#map=18/38.110006/13.325337
Fontanella,90151,"38.196577, 13.312688","Via Lorenzo Iandolino, 54",50,Partanna Mondello,22,Partanna Mondello,VII,88,38.196577,13.312688,"https://maps.google.com/?q=38.196577,13.312688",https://www.openstreetmap.org/?mlat=38.196577&mlon=13.312688&zoom=18#map=18/38.196577/13.312688
Fontanella,90142,"38.147660, 13.363620",Via Cortile Castellana Bandiera,52,Montepellegrino,24,Montepellegrino,VIII,1601,38.14766,13.36362,"https://maps.google.com/?q=38.14766,13.36362",https://www.openstreetmap.org/?mlat=38.14766&mlon=13.36362&zoom=18#map=18/38.14766/13.36362
Fontana,90135,"38.125994, 13.311662",Vicolo Seidita In Via Casamicciola,35,Passo di Rigano,17,Uditore - Passo di Rigano,V,977,38.125994,13.311662,"https://maps.google.com/?q=38.125994,13.311662",https://www.openstreetmap.org/?mlat=38.125994&mlon=13.311662&zoom=18#map=18/38.125994/13.311662
Fontanella,90123,"38.10695, 13.383327","Via Messina Marine, 50",6,Settecannoli,11,Settecannoli,II,3827,38.10695,13.383327,"https://maps.google.com/?q=38.10695,13.383327",https://www.openstreetmap.org/?mlat=38.10695&mlon=13.383327&zoom=18#map=18/38.10695/13.383327
Fontana,90134,"38.115596, 13.356896",Piazzetta Vincenzo Di Giovanni,3,Monte di Pietà  o Seralcadi,2,Palazzo Reale - Monte di Pietà,I,417,38.115596,13.356896,"https://maps.google.com/?q=38.115596,13.356896",https://www.openstreetmap.org/?mlat=38.115596&mlon=13.356896&zoom=18#map=18/38.115596/13.356896
Fontana,90134,"38.117089, 13.35538","Vicolo degli Orfani, 15",3,Monte di Pietà  o Seralcadi,2,Palazzo Reale - Monte di Pietà,I,451,38.117089,13.35538,"https://maps.google.com/?q=38.117089,13.35538",https://www.openstreetmap.org/?mlat=38.117089&mlon=13.35538&zoom=18#map=18/38.117089/13.35538
Fontanella,90125,"38.079678, 13.361753","Largo Parisi, 18",14,Chiavelli - S.Maria di Gesù,13,Villagrazia - Falsomiele,III,4505,38.079678,13.361753,"https://maps.google.com/?q=38.079678,13.361753",https://www.openstreetmap.org/?mlat=38.079678&mlon=13.361753&zoom=18#map=18/38.079678/13.361753
Fontanella,90145,"38.140232, 13.329823","Via Conceria, 32",38,Cruillas,19,Cruillas - S.Giovanni Apostolo,VI,9683,38.140232,13.329823,"https://maps.google.com/?q=38.140232,13.329823",https://www.openstreetmap.org/?mlat=38.140232&mlon=13.329823&zoom=18#map=18/38.140232/13.329823
Fontana,90136,"38.109069, 13.305624",Via Baida 106,24,Boccadifalco - Baida,16,Boccadifalco,IV,4614,38.109069,13.305624,"https://maps.google.com/?q=38.109069,13.305624",https://www.openstreetmap.org/?mlat=38.109069&mlon=13.305624&zoom=18#map=18/38.109069/13.305624
Fontanella,90147,"38.190045, 13.2863","Piazza Rossi, 1",48,Tommaso Natale - Sant'Ambrogio - Cardillo,21,Tommaso Natale - Sferracavallo,VII,545,38.190045,13.2863,"https://maps.google.com/?q=38.190045,13.2863",https://www.openstreetmap.org/?mlat=38.190045&mlon=13.2863&zoom=18#map=18/38.190045/13.2863
Fontana,90124,"38.103486, 13.370337",Fondo Napolitano,10,Oreto Perez,3,Oreto - Stazione,III,4191,38.103486,13.370337,"https://maps.google.com/?q=38.103486,13.370337",https://www.openstreetmap.org/?mlat=38.103486&mlon=13.370337&zoom=18#map=18/38.103486/13.370337
Fontanella,90123,"38.114806, 13.378209",Villa a Mare,5,Corso dei Mille - S.Erasmo,3,Oreto - Stazione,II,4152,38.114806,13.378209,"https://maps.google.com/?q=38.114806,13.378209",https://www.openstreetmap.org/?mlat=38.114806&mlon=13.378209&zoom=18#map=18/38.114806/13.378209
Fontana,90142,"38.148121, 13.357784",Piazza Gen. Cascino,52,Montepellegrino,24,Montepellegrino,VIII,4304,38.148121,13.357784,"https://maps.google.com/?q=38.148121,13.357784",https://www.openstreetmap.org/?mlat=38.148121&mlon=13.357784&zoom=18#map=18/38.148121/13.357784
Fontanella,90138,"38.119865, 13.355500","Via Volturno, 2",3,Monte di Pietà  o Seralcadi,2,Palazzo Reale - Monte di Pietà,I,5749,38.119865,13.3555,"https://maps.google.com/?q=38.119865,13.3555",https://www.openstreetmap.org/?mlat=38.119865&mlon=13.3555&zoom=18#map=18/38.119865/13.3555
Fontanella,90147,"38.197942, 13.276838","Piazza Sferracavallo, 8",49,Sferracavallo,21,Tommaso Natale - Sferracavallo,VII,44,38.197942,13.276838,"https://maps.google.com/?q=38.197942,13.276838",https://www.openstreetmap.org/?mlat=38.197942&mlon=13.276838&zoom=18#map=18/38.197942/13.276838
Fontanella,90147,"38.188327, 13.289097","Piazza Mandorle, 10",48,Tommaso Natale - Sant'Ambrogio - Cardillo,21,Tommaso Natale - Sferracavallo,VII,3585,38.188327,13.289097,"https://maps.google.com/?q=38.188327,13.289097",https://www.openstreetmap.org/?mlat=38.188327&mlon=13.289097&zoom=18#map=18/38.188327/13.289097
Fontanella,90147,"38.187864, 13.286906","Via Di Benedetto, 19",48,Tommaso Natale - Sant'Ambrogio - Cardillo,21,Tommaso Natale - Sferracavallo,VII,15073,38.187864,13.286906,"https://maps.google.com/?q=38.187864,13.286906",https://www.openstreetmap.org/?mlat=38.187864&mlon=13.286906&zoom=18#map=18/38.187864/13.286906
Fontanella,90136,"38.109259, 13.308583","Piazza Pietro Micca, 18",24,Boccadifalco - Baida,16,Boccadifalco,IV,409,38.109259,13.308583,"https://maps.google.com/?q=38.109259,13.308583",https://www.openstreetmap.org/?mlat=38.109259&mlon=13.308583&zoom=18#map=18/38.109259/13.308583
Fontanella,90136,"38.108181, 13.308868","Via Umberto Maddalena, 232",24,Boccadifalco - Baida,16,Boccadifalco,IV,19,38.108181,13.308868,"https://maps.google.com/?q=38.108181,13.308868",https://www.openstreetmap.org/?mlat=38.108181&mlon=13.308868&zoom=18#map=18/38.108181/13.308868
Fontanella,90151,"38.195186, 13.312224","Via Asilo Infantile, 1",50,Partanna Mondello,22,Partanna Mondello,VII,1255,38.195186,13.312224,"https://maps.google.com/?q=38.195186,13.312224",https://www.openstreetmap.org/?mlat=38.195186&mlon=13.312224&zoom=18#map=18/38.195186/13.312224
Fontanella,90135,"38.113467, 13.33033","Via Portello ,14",22,Zisa - 4 Camere,6,Zisa,V,11085,38.113467,13.33033,"https://maps.google.com/?q=38.113467,13.33033",https://www.openstreetmap.org/?mlat=38.113467&mlon=13.33033&zoom=18#map=18/38.113467/13.33033
Fontanella,90135,"38.110867, 13.324978","Via Madonna del Soccorso, 41 A",23,Altarello - Tasca Lanza,15,Altarello,IV,3539,38.110867,13.324978,"https://maps.google.com/?q=38.110867,13.324978",https://www.openstreetmap.org/?mlat=38.110867&mlon=13.324978&zoom=18#map=18/38.110867/13.324978
Fontanella,90151,"38.20721, 13.326597","Piazza Mondello, 1",50,Partanna Mondello,22,Partanna Mondello,VII,2437,38.20721,13.326597,"https://maps.google.com/?q=38.20721,13.326597",https://www.openstreetmap.org/?mlat=38.20721&mlon=13.326597&zoom=18#map=18/38.20721/13.326597
Fontanella,90136,"38.10846, 13.305472","Via Baida, 21 Cod Servizio 177024",24,Boccadifalco - Baida,16,Boccadifalco,IV,4783,38.10846,13.305472,"https://maps.google.com/?q=38.10846,13.305472",https://www.openstreetmap.org/?mlat=38.10846&mlon=13.305472&zoom=18#map=18/38.10846/13.305472
Fontanella,90147,"38.199366, 13.277711","Via Barcaioli, 44",49,Sferracavallo,21,Tommaso Natale - Sferracavallo,VII,97,38.199366,13.277711,"https://maps.google.com/?q=38.199366,13.277711",https://www.openstreetmap.org/?mlat=38.199366&mlon=13.277711&zoom=18#map=18/38.199366/13.277711
Fontanella,90136,"38.107688, 13.3092","Via Umberto Maddalena, 113",24,Boccadifalco - Baida,16,Boccadifalco,IV,40,38.107688,13.3092,"https://maps.google.com/?q=38.107688,13.3092",https://www.openstreetmap.org/?mlat=38.107688&mlon=13.3092&zoom=18#map=18/38.107688/13.3092
Fontanella,90136,"38.106864, 13.309612","Via Umberto Maddalena, 103",24,Boccadifalco - Baida,16,Boccadifalco,IV,1355,38.106864,13.309612,"https://maps.google.com/?q=38.106864,13.309612",https://www.openstreetmap.org/?mlat=38.106864&mlon=13.309612&zoom=18#map=18/38.106864/13.309612
Fontanella,90131,"38.093992, 13.307838","Corso Calatafimi,1157",20,Mezzomonreale,14,Mezzomonreale - Villa Tasca,IV,12979,38.093992,13.307838,"https://maps.google.com/?q=38.093992,13.307838",https://www.openstreetmap.org/?mlat=38.093992&mlon=13.307838&zoom=18#map=18/38.093992/13.307838
Fontanella,90135,"38.109835, 13.323331","Via Altarello, 76",23,Altarello - Tasca Lanza,15,Altarello,IV,1024,38.109835,13.323331,"https://maps.google.com/?q=38.109835,13.323331",https://www.openstreetmap.org/?mlat=38.109835&mlon=13.323331&zoom=18#map=18/38.109835/13.323331
Fontanella,90147,"38.19924, 13.276028","Via Amorello, 1",49,Sferracavallo,21,Tommaso Natale - Sferracavallo,VII,66,38.19924,13.276028,"https://maps.google.com/?q=38.19924,13.276028",https://www.openstreetmap.org/?mlat=38.19924&mlon=13.276028&zoom=18#map=18/38.19924/13.276028
Fontanella,90147,"38.198393, 13.276254",Piazza Ss. Cosima E Damiano,49,Sferracavallo,21,Tommaso Natale - Sferracavallo,VII,17,38.198393,13.276254,"https://maps.google.com/?q=38.198393,13.276254",https://www.openstreetmap.org/?mlat=38.198393&mlon=13.276254&zoom=18#map=18/38.198393/13.276254
Fontanella,90147,"38.198261, 13.274645",Piazza Marina Di Sferracavallo,49,Sferracavallo,21,Tommaso Natale - Sferracavallo,VII,764,38.198261,13.274645,"https://maps.google.com/?q=38.198261,13.274645",https://www.openstreetmap.org/?mlat=38.198261&mlon=13.274645&zoom=18#map=18/38.198261/13.274645
Fontanella,90147,"38.196957, 13.277935","Via Sferracavallo, 198",49,Sferracavallo,21,Tommaso Natale - Sferracavallo,VII,1243,38.196957,13.277935,"https://maps.google.com/?q=38.196957,13.277935",https://www.openstreetmap.org/?mlat=38.196957&mlon=13.277935&zoom=18#map=18/38.196957/13.277935
Fontanella,90147,"38.197802, 13.275186",Piazzetta Baglicello,49,Sferracavallo,21,Tommaso Natale - Sferracavallo,VII,932,38.197802,13.275186,"https://maps.google.com/?q=38.197802,13.275186",https://www.openstreetmap.org/?mlat=38.197802&mlon=13.275186&zoom=18#map=18/38.197802/13.275186
Fontanella,90146,"38.147962, 13.315455","Via Trabucco, 67",38,Cruillas,19,Cruillas - S.Giovanni Apostolo,VI,15569,38.147962,13.315455,"https://maps.google.com/?q=38.147962,13.315455",https://www.openstreetmap.org/?mlat=38.147962&mlon=13.315455&zoom=18#map=18/38.147962/13.315455
Fontanella,90151,"38.198016, 13.316556","Via Carbone, 67",50,Partanna Mondello,22,Partanna Mondello,VII,111,38.198016,13.316556,"https://maps.google.com/?q=38.198016,13.316556",https://www.openstreetmap.org/?mlat=38.198016&mlon=13.316556&zoom=18#map=18/38.198016/13.316556
Fontanella,90129,"38.109323, 13.345939","Corso Calatafimi, 217",18,Cuba - Calatafimi,5,Cuba - Calatafimi,IV,4572,38.109323,13.345939,"https://maps.google.com/?q=38.109323,13.345939",https://www.openstreetmap.org/?mlat=38.109323&mlon=13.345939&zoom=18#map=18/38.109323/13.345939
Fontanella,90129,"38.101296, 13.338787",Piazza Generale Turba,18,Cuba - Calatafimi,5,Cuba - Calatafimi,IV,12057,38.101296,13.338787,"https://maps.google.com/?q=38.101296,13.338787",https://www.openstreetmap.org/?mlat=38.101296&mlon=13.338787&zoom=18#map=18/38.101296/13.338787
Fontanella,90142,"38.165183, 13.367454","Via Morici,1 A",55,Vergine Maria,25,Arenella - Vergine Maria,VII,2661,38.165183,13.367454,"https://maps.google.com/?q=38.165183,13.367454",https://www.openstreetmap.org/?mlat=38.165183&mlon=13.367454&zoom=18#map=18/38.165183/13.367454
Fontanella,90142,"38.151374, 13.373589","Piazza Tonnara, 1",54,Arenella,25,Arenella - Vergine Maria,VII,530,38.151374,13.373589,"https://maps.google.com/?q=38.151374,13.373589",https://www.openstreetmap.org/?mlat=38.151374&mlon=13.373589&zoom=18#map=18/38.151374/13.373589
Fontanella,90142,"38.153294, 13.374665","Via della Leva, 40",54,Arenella,25,Arenella - Vergine Maria,VII,98,38.153294,13.374665,"https://maps.google.com/?q=38.153294,13.374665",https://www.openstreetmap.org/?mlat=38.153294&mlon=13.374665&zoom=18#map=18/38.153294/13.374665
Fontanella,90129,"38.110888, 13.347125",Cortile Casermaggio,18,Cuba - Calatafimi,5,Cuba - Calatafimi,IV,2226,38.110888,13.347125,"https://maps.google.com/?q=38.110888,13.347125",https://www.openstreetmap.org/?mlat=38.110888&mlon=13.347125&zoom=18#map=18/38.110888/13.347125
Fontanella,90136,"38.108705, 13.307046","Via Michele Fanara, 2",24,Boccadifalco - Baida,16,Boccadifalco,IV,36,38.108705,13.307046,"https://maps.google.com/?q=38.108705,13.307046",https://www.openstreetmap.org/?mlat=38.108705&mlon=13.307046&zoom=18#map=18/38.108705/13.307046
Fontanella,90134,"38.111831, 13.346463",Via Danisinni Ang. La Fiura,18,Cuba - Calatafimi,5,Cuba - Calatafimi,IV,1994,38.111831,13.346463,"https://maps.google.com/?q=38.111831,13.346463",https://www.openstreetmap.org/?mlat=38.111831&mlon=13.346463&zoom=18#map=18/38.111831/13.346463
Fontanella,90133,"38.11757, 13.371578","Via Scopari, 6",1,Tribunali o Kalsa,1,Tribunali-Castellammare,I,1297,38.11757,13.371578,"https://maps.google.com/?q=38.11757,13.371578",https://www.openstreetmap.org/?mlat=38.11757&mlon=13.371578&zoom=18#map=18/38.11757/13.371578
Fontanella,90142,"38.153135, 13.37399",Piazzetta Caruso Arenella,54,Arenella,25,Arenella - Vergine Maria,VII,111,38.153135,13.37399,"https://maps.google.com/?q=38.153135,13.37399",https://www.openstreetmap.org/?mlat=38.153135&mlon=13.37399&zoom=18#map=18/38.153135/13.37399
Fontanella,90147,"38.199397, 13.277714",Via dei Pescatori,49,Sferracavallo,21,Tommaso Natale - Sferracavallo,VII,3110,38.199397,13.277714,"https://maps.google.com/?q=38.199397,13.277714",https://www.openstreetmap.org/?mlat=38.199397&mlon=13.277714&zoom=18#map=18/38.199397/13.277714
Fontanella,90145,"38.131648, 13.322712","Piazza Uditore, 15",34,Uditore,17,Uditore - Passo di Rigano,V,11199,38.131648,13.322712,"https://maps.google.com/?q=38.131648,13.322712",https://www.openstreetmap.org/?mlat=38.131648&mlon=13.322712&zoom=18#map=18/38.131648/13.322712
Fontanella,90135,"38.126913, 13.313684",Via Casalini Ang. Leonardo Da Vinci,35,Passo di Rigano,17,Uditore - Passo di Rigano,V,8240,38.126913,13.313684,"https://maps.google.com/?q=38.126913,13.313684",https://www.openstreetmap.org/?mlat=38.126913&mlon=13.313684&zoom=18#map=18/38.126913/13.313684
Fontanella,90147,"38.174382, 13.301743","Via Tommaso Natale, 61",48,Tommaso Natale - Sant'Ambrogio - Cardillo,21,Tommaso Natale - Sferracavallo,VII,26423,38.174382,13.301743,"https://maps.google.com/?q=38.174382,13.301743",https://www.openstreetmap.org/?mlat=38.174382&mlon=13.301743&zoom=18#map=18/38.174382/13.301743
Fontanella,90142,"38.154213, 13.371165","Via  Massaia Guglielmo Cardinale, 159",54,Arenella,25,Arenella - Vergine Maria,VII,2407,38.154213,13.371165,"https://maps.google.com/?q=38.154213,13.371165",https://www.openstreetmap.org/?mlat=38.154213&mlon=13.371165&zoom=18#map=18/38.154213/13.371165
Fontanella,90135,"38.100284, 13.323104","Corso Calatafimi, 927",20,Mezzomonreale,14,Mezzomonreale - Villa Tasca,IV,6250,38.100284,13.323104,"https://maps.google.com/?q=38.100284,13.323104",https://www.openstreetmap.org/?mlat=38.100284&mlon=13.323104&zoom=18#map=18/38.100284/13.323104
Fontanella,90146,"38.153186, 13.334822","Via Resuttana, 418",43,Resuttana,20,Resuttana - San Lorenzo,VI,1651,38.153186,13.334822,"https://maps.google.com/?q=38.153186,13.334822",https://www.openstreetmap.org/?mlat=38.153186&mlon=13.334822&zoom=18#map=18/38.153186/13.334822
Fontanella,90146,"38.153059, 13.332909",Piazzetta Scannaserpe,43,Resuttana,20,Resuttana - San Lorenzo,VI,2841,38.153059,13.332909,"https://maps.google.com/?q=38.153059,13.332909",https://www.openstreetmap.org/?mlat=38.153059&mlon=13.332909&zoom=18#map=18/38.153059/13.332909
Fontanella,90146,"38.159765, 13.321899","Via Nuova 106,",44,San Lorenzo,20,Resuttana - San Lorenzo,VI,4835,38.159765,13.321899,"https://maps.google.com/?q=38.159765,13.321899",https://www.openstreetmap.org/?mlat=38.159765&mlon=13.321899&zoom=18#map=18/38.159765/13.321899
Fontanella,90146,"38.172812, 13.334687","Via Giusino, 24",46,Pallavicino,23,Pallavicino,VII,13692,38.172812,13.334687,"https://maps.google.com/?q=38.172812,13.334687",https://www.openstreetmap.org/?mlat=38.172812&mlon=13.334687&zoom=18#map=18/38.172812/13.334687
Fontanella,90142,"38.144163, 13.357473","Via Isac Rabin, 33",52,Montepellegrino,24,Montepellegrino,VIII,1091,38.144163,13.357473,"https://maps.google.com/?q=38.144163,13.357473",https://www.openstreetmap.org/?mlat=38.144163&mlon=13.357473&zoom=18#map=18/38.144163/13.357473
Fontanella,90142,"38.144994, 13.368535","Salita Belmonte, 40",53,Acquasanta,24,Montepellegrino,VIII,1590,38.144994,13.368535,"https://maps.google.com/?q=38.144994,13.368535",https://www.openstreetmap.org/?mlat=38.144994&mlon=13.368535&zoom=18#map=18/38.144994/13.368535
Fontanella,90146,"38.163538, 13.326594","Via Florio, 27 E",46,Pallavicino,23,Pallavicino,VII,2117,38.163538,13.326594,"https://maps.google.com/?q=38.163538,13.326594",https://www.openstreetmap.org/?mlat=38.163538&mlon=13.326594&zoom=18#map=18/38.163538/13.326594
Fontanella,90146,"38.152231, 13.336199","Via Resuttana, 372",43,Resuttana,20,Resuttana - San Lorenzo,VI,3261,38.152231,13.336199,"https://maps.google.com/?q=38.152231,13.336199",https://www.openstreetmap.org/?mlat=38.152231&mlon=13.336199&zoom=18#map=18/38.152231/13.336199
Fontanella,90145,"38.137681, 13.327315","Vicolo Felice, 9",34,Uditore,17,Uditore - Passo di Rigano,V,4790,38.137681,13.327315,"https://maps.google.com/?q=38.137681,13.327315",https://www.openstreetmap.org/?mlat=38.137681&mlon=13.327315&zoom=18#map=18/38.137681/13.327315
Fontanella,90145,"38.138468, 13.328337","Via Felice, 4",34,Uditore,17,Uditore - Passo di Rigano,V,3221,38.138468,13.328337,"https://maps.google.com/?q=38.138468,13.328337",https://www.openstreetmap.org/?mlat=38.138468&mlon=13.328337&zoom=18#map=18/38.138468/13.328337
Fontanella,90135,"38.125969, 13.311333","Cortile Prestigiacomo, 10 In Via Castellana",35,Passo di Rigano,17,Uditore - Passo di Rigano,V,943,38.125969,13.311333,"https://maps.google.com/?q=38.125969,13.311333",https://www.openstreetmap.org/?mlat=38.125969&mlon=13.311333&zoom=18#map=18/38.125969/13.311333
Fontanella,90142,"38.145292, 13.366613","Pizzetta Di Cristofalo, 5",53,Acquasanta,24,Montepellegrino,VIII,1076,38.145292,13.366613,"https://maps.google.com/?q=38.145292,13.366613",https://www.openstreetmap.org/?mlat=38.145292&mlon=13.366613&zoom=18#map=18/38.145292/13.366613
Fontanella,90124,"38.096828, 13.389449","Fondo Mortillaro, 6",6,Settecannoli,11,Settecannoli,II,2459,38.096828,13.389449,"https://maps.google.com/?q=38.096828,13.389449",https://www.openstreetmap.org/?mlat=38.096828&mlon=13.389449&zoom=18#map=18/38.096828/13.389449
Fontanella,90142,"38.154404, 13.373851","Via Caruso, 43",54,Arenella,25,Arenella - Vergine Maria,VII,286,38.154404,13.373851,"https://maps.google.com/?q=38.154404,13.373851",https://www.openstreetmap.org/?mlat=38.154404&mlon=13.373851&zoom=18#map=18/38.154404/13.373851
Fontanella,90121,"38.068478, 13.418855","Via Giardina, 2",9,Ciaculli Croce Verde,12,Brancaccio - Ciaculli,II,1026,38.068478,13.418855,"https://maps.google.com/?q=38.068478,13.418855",https://www.openstreetmap.org/?mlat=38.068478&mlon=13.418855&zoom=18#map=18/38.068478/13.418855
Fontanella,90121,"38.06754, 13.417459","Via Giardina, 53",9,Ciaculli Croce Verde,12,Brancaccio - Ciaculli,II,214,38.06754,13.417459,"https://maps.google.com/?q=38.06754,13.417459",https://www.openstreetmap.org/?mlat=38.06754&mlon=13.417459&zoom=18#map=18/38.06754/13.417459
Fontanella,90121,"38.067044, 13.416643","Piazza Giardina, 3",9,Ciaculli Croce Verde,12,Brancaccio - Ciaculli,II,181,38.067044,13.416643,"https://maps.google.com/?q=38.067044,13.416643",https://www.openstreetmap.org/?mlat=38.067044&mlon=13.416643&zoom=18#map=18/38.067044/13.416643
Fontanella,90121,"38.09373, 13.405929","Corso dei Mille, 1294",7,Roccella Acqua dei Corsari,11,Settecannoli,II,3474,38.09373,13.405929,"https://maps.google.com/?q=38.09373,13.405929",https://www.openstreetmap.org/?mlat=38.09373&mlon=13.405929&zoom=18#map=18/38.09373/13.405929
Fontanella,90121,"38.093465, 13.406831","Corso dei Mille, 1258",7,Roccella Acqua dei Corsari,11,Settecannoli,II,4816,38.093465,13.406831,"https://maps.google.com/?q=38.093465,13.406831",https://www.openstreetmap.org/?mlat=38.093465&mlon=13.406831&zoom=18#map=18/38.093465/13.406831
Fontanella,90123,"38.098127, 13.393617","Corso dei Mille, 988",7,Roccella Acqua dei Corsari,11,Settecannoli,II,4488,38.098127,13.393617,"https://maps.google.com/?q=38.098127,13.393617",https://www.openstreetmap.org/?mlat=38.098127&mlon=13.393617&zoom=18#map=18/38.098127/13.393617
Fontanella,90124,"38.093763, 13.387449","Via Giafar, 127",8,Brancaccio Conte Federico,12,Brancaccio - Ciaculli,II,95,38.093763,13.387449,"https://maps.google.com/?q=38.093763,13.387449",https://www.openstreetmap.org/?mlat=38.093763&mlon=13.387449&zoom=18#map=18/38.093763/13.387449
Fontanella,90124,"38.096174, 13.382879","Via Brancaccio, 228",8,Brancaccio Conte Federico,12,Brancaccio - Ciaculli,II,844,38.096174,13.382879,"https://maps.google.com/?q=38.096174,13.382879",https://www.openstreetmap.org/?mlat=38.096174&mlon=13.382879&zoom=18#map=18/38.096174/13.382879
Fontanella,90124,"38.075933, 13.407128","Via Ciaculli, 240",9,Ciaculli Croce Verde,12,Brancaccio - Ciaculli,II,1981,38.075933,13.407128,"https://maps.google.com/?q=38.075933,13.407128",https://www.openstreetmap.org/?mlat=38.075933&mlon=13.407128&zoom=18#map=18/38.075933/13.407128
Fontanella,90124,"38.07704, 13.40454","Via Ciaculli, 216",9,Ciaculli Croce Verde,12,Brancaccio - Ciaculli,II,1288,38.07704,13.40454,"https://maps.google.com/?q=38.07704,13.40454",https://www.openstreetmap.org/?mlat=38.07704&mlon=13.40454&zoom=18#map=18/38.07704/13.40454
Fontanella,90124,"38.079246, 13.398733","Via Giulio Tenaglia, 41",9,Ciaculli Croce Verde,12,Brancaccio - Ciaculli,II,3547,38.079246,13.398733,"https://maps.google.com/?q=38.079246,13.398733",https://www.openstreetmap.org/?mlat=38.079246&mlon=13.398733&zoom=18#map=18/38.079246/13.398733
Fontanella,90124,"38.100082, 13.368958","Via Guadagna, 50",11,Oreto Guadagna,3,Oreto - Stazione,III,10333,38.100082,13.368958,"https://maps.google.com/?q=38.100082,13.368958",https://www.openstreetmap.org/?mlat=38.100082&mlon=13.368958&zoom=18#map=18/38.100082/13.368958
Fontanella,90142,"38.165789, 13.36725","Piazza Vergine Maria, 12",55,Vergine Maria,25,Arenella - Vergine Maria,VII,194,38.165789,13.36725,"https://maps.google.com/?q=38.165789,13.36725",https://www.openstreetmap.org/?mlat=38.165789&mlon=13.36725&zoom=18#map=18/38.165789/13.36725
Fontanella,90123,"38.099475, 13.3994","Via Sperone, 204",7,Roccella Acqua dei Corsari,11,Settecannoli,II,1456,38.099475,13.3994,"https://maps.google.com/?q=38.099475,13.3994",https://www.openstreetmap.org/?mlat=38.099475&mlon=13.3994&zoom=18#map=18/38.099475/13.3994
Fontanella,90127,"38.10116, 13.361543","Piazza S. Orsola, 7",10,Oreto Perez,3,Oreto - Stazione,III,14732,38.10116,13.361543,"https://maps.google.com/?q=38.10116,13.361543",https://www.openstreetmap.org/?mlat=38.10116&mlon=13.361543&zoom=18#map=18/38.10116/13.361543
Fontanella,90134,"38.118552, 13.355178","Piazza San Gregorio, 13",3,Monte di Pietà  o Seralcadi,2,Palazzo Reale - Monte di Pietà,I,415,38.118552,13.355178,"https://maps.google.com/?q=38.118552,13.355178",https://www.openstreetmap.org/?mlat=38.118552&mlon=13.355178&zoom=18#map=18/38.118552/13.355178
Fontanella,90133,"38.120685, 13.364111","Via Sant'alesandro, 47",4,Castellammare o Loggia,1,Tribunali-Castellammare,I,4035,38.120685,13.364111,"https://maps.google.com/?q=38.120685,13.364111",https://www.openstreetmap.org/?mlat=38.120685&mlon=13.364111&zoom=18#map=18/38.120685/13.364111
Fontanella,90133,"38.11984, 13.370935","Piazza Santo Spirito, 15",4,Castellammare o Loggia,1,Tribunali-Castellammare,I,1468,38.11984,13.370935,"https://maps.google.com/?q=38.11984,13.370935",https://www.openstreetmap.org/?mlat=38.11984&mlon=13.370935&zoom=18#map=18/38.11984/13.370935
Fontanella,90133,"38.115299, 13.367446","Piazza Chiesa dei Cocchieri, 4",1,Tribunali o Kalsa,1,Tribunali-Castellammare,I,1708,38.115299,13.367446,"https://maps.google.com/?q=38.115299,13.367446",https://www.openstreetmap.org/?mlat=38.115299&mlon=13.367446&zoom=18#map=18/38.115299/13.367446
Fontanella,90133,"38.116642, 13.365605","Arco dei Cartari, 7",1,Tribunali o Kalsa,1,Tribunali-Castellammare,I,1151,38.116642,13.365605,"https://maps.google.com/?q=38.116642,13.365605",https://www.openstreetmap.org/?mlat=38.116642&mlon=13.365605&zoom=18#map=18/38.116642/13.365605
Fontanella,90135,"38.105585, 13.322962","Fondo Micciulla, 11",23,Altarello - Tasca Lanza,15,Altarello,IV,3070,38.105585,13.322962,"https://maps.google.com/?q=38.105585,13.322962",https://www.openstreetmap.org/?mlat=38.105585&mlon=13.322962&zoom=18#map=18/38.105585/13.322962
Fontanella,90139,"38.127628, 13.358786","Piazza Mulino A Vento, 1",25,Borgo Vecchio - Principe Scordia,10,Politeama,VIII,6145,38.127628,13.358786,"https://maps.google.com/?q=38.127628,13.358786",https://www.openstreetmap.org/?mlat=38.127628&mlon=13.358786&zoom=18#map=18/38.127628/13.358786
Fontanella,90139,"38.128977, 13.358075",Piazzetta Ettore Ximenes,25,Borgo Vecchio - Principe Scordia,10,Politeama,VIII,7323,38.128977,13.358075,"https://maps.google.com/?q=38.128977,13.358075",https://www.openstreetmap.org/?mlat=38.128977&mlon=13.358075&zoom=18#map=18/38.128977/13.358075
Fontanella,90146,"38.168224, 13.328953",Città dei RagazziiIn Viale Duca degli Abruzzi,46,Pallavicino,23,Pallavicino,VII,2604,38.168224,13.328953,"https://maps.google.com/?q=38.168224,13.328953",https://www.openstreetmap.org/?mlat=38.168224&mlon=13.328953&zoom=18#map=18/38.168224/13.328953
Fontanella,90134,"38.114777, 13.352246","Pizza Peranni Domenico, 10",3,Monte di Pietà  o Seralcadi,2,Palazzo Reale - Monte di Pietà,I,5188,38.114777,13.352246,"https://maps.google.com/?q=38.114777,13.352246",https://www.openstreetmap.org/?mlat=38.114777&mlon=13.352246&zoom=18#map=18/38.114777/13.352246
Fontanella,90134,"38.113477, 13.357842","Piazzetta Settecantoni, 2",2,Palazzo Reale o Albergaria,2,Palazzo Reale - Monte di Pietà,I,745,38.113477,13.357842,"https://maps.google.com/?q=38.113477,13.357842",https://www.openstreetmap.org/?mlat=38.113477&mlon=13.357842&zoom=18#map=18/38.113477/13.357842
Fontanella,90126,"38.07683, 13.332204","Via Villagrazia, 467",15,Villagrazia,13,Villagrazia - Falsomiele,III,15122,38.07683,13.332204,"https://maps.google.com/?q=38.07683,13.332204",https://www.openstreetmap.org/?mlat=38.07683&mlon=13.332204&zoom=18#map=18/38.07683/13.332204
Fontanella,90147,"38.190947, 13.285067","Piazza Tommaso Natale, 90",48,Tommaso Natale - Sant'Ambrogio - Cardillo,21,Tommaso Natale - Sferracavallo,VII,2276,38.190947,13.285067,"https://maps.google.com/?q=38.190947,13.285067",https://www.openstreetmap.org/?mlat=38.190947&mlon=13.285067&zoom=18#map=18/38.190947/13.285067
Fontanella,90142,"38.146078, 13.366538","Salita Cortile  Le Chiavi, 39",53,Acquasanta,24,Montepellegrino,VIII,460,38.146078,13.366538,"https://maps.google.com/?q=38.146078,13.366538",https://www.openstreetmap.org/?mlat=38.146078&mlon=13.366538&zoom=18#map=18/38.146078/13.366538
Fontanella,90146,"38.173522, 13.330118","Via Mater Dolorosa, 97",46,Pallavicino,23,Pallavicino,VII,3957,38.173522,13.330118,"https://maps.google.com/?q=38.173522,13.330118",https://www.openstreetmap.org/?mlat=38.173522&mlon=13.330118&zoom=18#map=18/38.173522/13.330118
Fontanella,90134,"38.114269, 13.358899","Via SS. Salvatore, 30",2,Palazzo Reale o Albergaria,2,Palazzo Reale - Monte di Pietà,I,304,38.114269,13.358899,"https://maps.google.com/?q=38.114269,13.358899",https://www.openstreetmap.org/?mlat=38.114269&mlon=13.358899&zoom=18#map=18/38.114269/13.358899
Fontanella,90124,"38.093773, 13.385614","Via Conte Federico, 61",8,Brancaccio Conte Federico,12,Brancaccio - Ciaculli,II,921,38.093773,13.385614,"https://maps.google.com/?q=38.093773,13.385614",https://www.openstreetmap.org/?mlat=38.093773&mlon=13.385614&zoom=18#map=18/38.093773/13.385614
Fontanella,90124,"38.095768, 13.381778",Cortile Lombino,8,Brancaccio Conte Federico,12,Brancaccio - Ciaculli,II,3610,38.095768,13.381778,"https://maps.google.com/?q=38.095768,13.381778",https://www.openstreetmap.org/?mlat=38.095768&mlon=13.381778&zoom=18#map=18/38.095768/13.381778
Fontanella,90121,"38.066279, 13.416","Piazzetta Cinà, 97",9,Ciaculli Croce Verde,12,Brancaccio - Ciaculli,II,1748,38.066279,13.415977,"https://maps.google.com/?q=38.066279,13.415977",https://www.openstreetmap.org/?mlat=38.066279&mlon=13.415977&zoom=18#map=18/38.066279/13.415977
Fontanella,90133,"38.117118, 13.374003",Foro Italico Umberto I,1,Tribunali o Kalsa,1,Tribunali-Castellammare,I,2263,38.117118,13.374003,"https://maps.google.com/?q=38.117118,13.374003",https://www.openstreetmap.org/?mlat=38.117118&mlon=13.374003&zoom=18#map=18/38.117118/13.374003
Fontanella,90146,"38.162785, 13.323633","Via San Lorenzo, 202",44,San Lorenzo,20,Resuttana - San Lorenzo,VI,3224,38.162785,13.323633,"https://maps.google.com/?q=38.162785,13.323633",https://www.openstreetmap.org/?mlat=38.162785&mlon=13.323633&zoom=18#map=18/38.162785/13.323633
Fontanella,90146,"38.180716, 13.318222",Via Fausto Coppi,47,San Filippo Neri,23,Pallavicino,VII,9831,38.180716,13.318222,"https://maps.google.com/?q=38.180716,13.318222",https://www.openstreetmap.org/?mlat=38.180716&mlon=13.318222&zoom=18#map=18/38.180716/13.318222